{
  "WR": {
    "com_data": {
      "gaster": {
        "com": [0.530885, 1.32179, -1.55337],
        "point1": [0.654114, 1.61395, -1.09823],
        "point2": [0.104279, 1.21521, -1.98272]
      },
      "thorax": {
        "com": [1.32425, 1.48342, -0.85326],
        "point1": [1.69691, 1.62344, -0.54543],
        "point2": [0.654114, 1.61395, -1.09823]
      },
      "head": {
        "com": [1.86111, 1.21136, -0.84947],
        "point1": [2.18986, 1.33863, -0.61914],
        "point2": [2.02159, 1.03483, -1.01163]
      },
      "volume_scores": {
        "head": 0.11593,
        "thorax": 0.075389,
        "gaster": 0.201061
      },
      "total_volume": 0.39238,
      "overall_weights": {
        "head": 0.2955,
        "thorax": 0.1922,
        "gaster": 0.5123
      }
    },
    "leg_joint_positions": {
      "front_left_joint": {
        "position": [-0.08532, -1.48104, -0.33168],
        "point1": [-0.31284, -1.11078, -0.61914],
        "point2": [0.066359, -1.0728, 0.265345]
      },
      "mid_left_joint": {
        "position": [-0.01896, -1.46205, -0.19164],
        "point1": [-0.31284, -1.11078, -0.61914],
        "point2": [0.066359, -1.0728, 0.265345]
      },
      "hind_left_joint": {
        "position": [0.0474, -1.44306, -0.11056],
        "point1": [-0.31284, -1.11078, -0.61914],
        "point2": [0.066359, -1.0728, 0.265345]
      }
    }
  },
  "NWR": {
    "com_data": {
      "gaster": {
        "com": [0.220931, -1.17952, 0.68659],
        "point1": [0.066359, -1.09179, 0.294828],
        "point2": [0.426596, -0.98736, 1.14246]
      },
      "thorax": {
        "com": [-0.10562, -1.25143, -0.26961],
        "point1": [-0.31284, -1.02533, -0.52332],
        "point2": [0.066359, -1.09179, 0.294828]
      },
      "head": {
        "com": [-0.24986, -1.38235, -0.81216],
        "point1": [-0.39816, -1.12027, -0.39816],
        "point2": [-0.25596, -1.59496, -0.99504]
      },
      "volume_scores": {
        "head": 0.084617,
        "thorax": 0.083287,
        "gaster": 0.1587
      },
      "total_volume": 0.326604,
      "overall_weights": {
        "head": 0.2591,
        "thorax": 0.2550,
        "gaster": 0.4859
      }
    },
    "leg_joint_positions": {
      "front_left_joint": {
        "position": [-0.08532, -1.48104, -0.33168],
        "point1": [-0.31284, -1.11078, -0.61914],
        "point2": [0.066359, -1.0728, 0.265345]
      },
      "mid_left_joint": {
        "position": [-0.01896, -1.46205, -0.19164],
        "point1": [-0.31284, -1.11078, -0.61914],
        "point2": [0.066359, -1.0728, 0.265345]
      },
      "hind_left_joint": {
        "position": [0.0474, -1.44306, -0.11056],
        "point1": [-0.31284, -1.11078, -0.61914],
        "point2": [0.066359, -1.0728, 0.265345]
      }
    }
  }
}
