{
  "Set1": {
    "name": "Set1",
    "points_3d": [
      [
        0.0,
        0.0,
        0.0
      ],
      [
        0.0,
        0.0,
        -2.0
      ],
      [
        0.0,
        2.0,
        -2.0
      ],
      [
        0.0,
        2.0,
        0.0
      ],
      [
        2.0,
        0.0,
        -2.0
      ],
      [
        2.0,
        2.0,
        -2.0
      ],
      [
        2.0,
        0.0,
        0.0
      ],
      [
        2.0,
        2.0,
        0.0
      ]
    ],
    "cameras": {
      "Left": {
        "points_2d": [
          [
            691.7,
            302.93
          ],
          [
            595.31,
            298.92
          ],
          [
            597.52,
            598.46
          ],
          [
            694.39,
            599.64
          ],
          [
            756.94,
            298.48
          ],
          [
            759.03,
            593.49
          ],
          [
            854.25,
            299.75
          ],
          [
            856.31,
            596.5
          ]
        ],
        "coefficients": [
          -83.52728018970686,
          1.4884689081876996,
          48.53344763146668,
          692.1981891193514,
          -0.06976593880911174,
          149.28149993612985,
          1.1060086550990365,
          302.18544213496295,
          0.003126500448780128,
          0.00048675425731675595,
          -0.00018240495257718485
        ],
        "residual": 0.4907917373724498
      },
      "Top": {
        "points_2d": [
          [
            757.61,
            317.74
          ],
          [
            740.83,
            315.53
          ],
          [
            734.32,
            608.77
          ],
          [
            750.84,
            610.45
          ],
          [
            923.88,
            319.39
          ],
          [
            917.02,
            611.4
          ],
          [
            941.06,
            320.06
          ],
          [
            934.44,
            613.62
          ]
        ],
        "coefficients": [
          -92.0063587167434,
          -3.115557149397644,
          7.559297277731303,
          757.6135996975678,
          1.6390623350464024,
          146.82002650812277,
          0.3259482325798293,
          317.3198021388383,
          0.0002989135860418973,
          0.00028077832728640287,
          -0.001125641324814211
        ],
        "residual": 0.2157115971020542
      },
      "Right": {
        "points_2d": [
          [
            652.72,
            405.66
          ],
          [
            728.81,
            394.62
          ],
          [
            737.45,
            681.22
          ],
          [
            661.62,
            691.56
          ],
          [
            892.61,
            392.73
          ],
          [
            901.64,
            679.04
          ],
          [
            816.87,
            401.91
          ],
          [
            826.64,
            689.63
          ]
        ],
        "coefficients": [
          -81.18965169721781,
          3.8104564771162592,
          -38.604143057965274,
          652.8447701745043,
          -1.8253356583049898,
          142.6634035309672,
          4.573982728955403,
          405.0938811859837,
          -0.0011214053221840214,
          -0.0009354564667414709,
          -0.0010417719218481108
        ],
        "residual": 0.2839388869325616
      },
      "Front": {
        "points_2d": [
          [
            662.53,
            354.84
          ],
          [
            629.81,
            431.34
          ],
          [
            637.99,
            694.73
          ],
          [
            670.87,
            614.94
          ],
          [
            806.88,
            441.0
          ],
          [
            815.63,
            704.36
          ],
          [
            841.31,
            362.69
          ],
          [
            850.63,
            623.72
          ]
        ],
        "coefficients": [
          -87.16617065016422,
          1.3689202084832952,
          17.728840871187938,
          663.2396682451122,
          3.487642207947346,
          127.96402392612741,
          -38.42767331102883,
          354.2420235800824,
          -0.0018347666526128108,
          -0.00395410233467246,
          0.0013134078351477838
        ],
        "residual": 0.5400500085363877
      }
    },
    "cameras_list": [
      "Left",
      "Top",
      "Right",
      "Front"
    ],
    "created": "2026-01-08T22:33:06.734600"
  }
}